Hashtag,Date,Posts,Likes,Retweets
#100DaysOfCode,2025-03-03,276,1656,1104
#Python,2025-03-09,421,6736,2105
#Analytics,2025-01-14,293,1465,1172
#DeepLearning,2025-02-19,280,3360,2240
#AI,2025-03-22,396,7128,792
#AI,2025-03-17,86,602,258
#DeepLearning,2025-02-04,149,1788,1043
#Tech,2025-01-06,498,3486,996
#MachineLearning,2025-03-30,255,4590,2040
#DataScience,2025-03-18,79,1580,237
#Python,2025-03-30,272,5440,816
#DeepLearning,2025-01-16,243,1944,1701
#Coding,2025-01-26,346,4152,3460
#BigData,2025-01-03,260,5200,780
#Python,2025-03-14,63,315,126
#AI,2025-01-22,53,795,159
#Tech,2025-02-10,473,5676,2365
#DataScience,2025-02-07,325,1950,1300
#Python,2025-03-06,313,3443,2504
#Python,2025-03-23,71,1278,568
#Coding,2025-02-09,460,5520,2760
#AI,2025-02-20,100,800,600
#Analytics,2025-01-28,313,5947,2817
#DeepLearning,2025-03-10,275,2475,2200
#Python,2025-02-21,55,275,440
#Analytics,2025-02-21,99,1188,891
#DeepLearning,2025-02-21,264,2112,528
#DataScience,2025-01-09,429,2574,1287
#AI,2025-03-11,299,4186,2691
#BigData,2025-02-12,198,1386,792
#Coding,2025-03-25,133,1064,798
#Python,2025-02-01,472,5664,2360
#Tech,2025-04-01,491,3928,1473
#100DaysOfCode,2025-01-07,328,1968,2624
#DataScience,2025-03-29,189,1323,1323
#BigData,2025-01-27,412,5768,824
#Tech,2025-02-27,395,2370,3555
#Tech,2025-03-23,173,1038,692
#Analytics,2025-01-25,249,2988,747
#MachineLearning,2025-03-05,444,3996,4440
#DeepLearning,2025-03-26,347,3470,1735
#BigData,2025-02-01,182,2730,728
#100DaysOfCode,2025-02-24,469,5159,3283
#Python,2025-02-23,213,4047,852
#Analytics,2025-03-30,313,3443,3130
#DataScience,2025-02-25,317,2219,2536
#DeepLearning,2025-02-18,295,5900,1475
#Analytics,2025-01-17,53,530,159
#BigData,2025-03-03,319,6380,957
#AI,2025-03-09,176,1056,880
#AI,2025-01-30,122,1830,366
#BigData,2025-01-31,448,7616,3136
#DataScience,2025-01-24,421,3368,2947
#Coding,2025-02-18,198,1584,594
#BigData,2025-02-13,304,4560,3040
#Tech,2025-02-01,453,2718,3624
#MachineLearning,2025-01-13,118,1652,354
#Tech,2025-01-10,194,3880,582
#Coding,2025-03-20,265,3975,2650
#BigData,2025-01-03,232,1392,1856
#DeepLearning,2025-01-07,267,1335,2403
#100DaysOfCode,2025-01-10,55,605,550
#DataScience,2025-02-09,416,5824,832
#BigData,2025-01-05,179,2506,1432
#Analytics,2025-02-20,161,1288,1610
#AI,2025-01-28,198,990,792
#AI,2025-03-04,285,1995,1710
#BigData,2025-02-20,172,2236,344
#Tech,2025-01-04,262,2358,524
#BigData,2025-03-10,163,1141,815
#Tech,2025-01-08,496,9920,1984
#DeepLearning,2025-02-25,480,5280,4800
#MachineLearning,2025-03-03,384,4608,1152
#AI,2025-03-25,352,2112,1056
#BigData,2025-01-23,213,2982,1704
#Tech,2025-02-01,359,7180,2154
#DataScience,2025-02-25,59,1121,472
#AI,2025-02-25,337,4381,674
#MachineLearning,2025-02-19,135,945,540
#Analytics,2025-02-04,375,4875,2250
#AI,2025-02-07,211,1688,1688
#Coding,2025-03-04,488,8784,2440
#DeepLearning,2025-03-03,458,4122,916
#DataScience,2025-03-15,62,434,558
#DataScience,2025-03-12,314,3768,628
#MachineLearning,2025-03-12,375,5250,1500
#Python,2025-03-05,208,3536,1456
#Tech,2025-02-19,112,2240,336
#Tech,2025-01-04,161,1449,322
#Python,2025-02-09,59,590,177
#DataScience,2025-03-22,225,4275,1350
#100DaysOfCode,2025-01-24,85,510,425
#Coding,2025-04-01,223,2899,1338
#DataScience,2025-03-21,495,9405,2970
#Analytics,2025-03-17,147,2352,1323
#BigData,2025-03-26,255,5100,2295
#DataScience,2025-01-02,95,1900,950
#BigData,2025-02-22,374,6732,1496
#100DaysOfCode,2025-03-30,79,553,395
#AI,2025-02-28,62,682,558
#Python,2025-01-04,214,3638,2140
#100DaysOfCode,2025-01-25,191,2674,955
#Python,2025-01-30,366,3294,1464
#AI,2025-03-01,115,2070,805
#Analytics,2025-03-09,311,5598,2177
#Python,2025-01-02,245,1960,1715
#Analytics,2025-03-29,51,357,510
#AI,2025-02-24,434,8246,3906
#Tech,2025-03-28,189,1512,567
#DeepLearning,2025-03-14,271,2981,542
#Analytics,2025-03-28,197,3743,1773
#Tech,2025-02-26,346,5536,2768
#BigData,2025-01-04,319,2233,638
#DataScience,2025-02-18,140,980,420
#MachineLearning,2025-01-23,393,5502,2358
#BigData,2025-03-05,357,6783,2856
#DataScience,2025-01-25,280,1960,560
#MachineLearning,2025-02-03,70,1050,560
#AI,2025-01-29,500,3500,3500
#DeepLearning,2025-03-18,139,1529,695
#Tech,2025-03-07,409,4499,3272
#Tech,2025-01-03,299,5681,897
#DeepLearning,2025-03-04,201,3015,804
#DataScience,2025-02-17,212,2756,2120
#DeepLearning,2025-01-01,468,3744,1872
#Tech,2025-01-15,491,7856,4910
#Python,2025-03-18,230,2070,1150
#Coding,2025-02-18,395,4345,1580
#DataScience,2025-01-29,342,3078,1368
#BigData,2025-01-31,341,6820,1023
#BigData,2025-03-22,226,1582,904
#Analytics,2025-03-23,374,1870,2244
#DataScience,2025-01-22,429,8580,3432
#Analytics,2025-03-24,249,2739,1992
#BigData,2025-02-14,99,1683,495
#100DaysOfCode,2025-01-20,472,6136,4248
#Python,2025-01-24,399,7182,798
#Coding,2025-03-13,154,1848,770
#DataScience,2025-03-07,180,1980,720
#BigData,2025-02-03,135,2430,1215
#Python,2025-02-10,239,3107,1195
#Tech,2025-01-08,77,539,308
#DeepLearning,2025-02-19,315,2520,3150
#Tech,2025-01-23,221,3536,1326
#Coding,2025-02-03,327,5886,981
#Analytics,2025-01-02,192,3456,1536
#Coding,2025-01-20,337,6066,1011
#MachineLearning,2025-02-05,140,1820,560
#Tech,2025-02-16,421,3789,3368
#AI,2025-03-02,461,4610,4149
#Tech,2025-03-22,285,3420,2850
#Tech,2025-01-15,227,1362,2270
#Analytics,2025-01-26,358,5012,2148
#100DaysOfCode,2025-03-14,78,858,546
#BigData,2025-03-29,91,546,273
#AI,2025-01-08,273,2457,1911
#BigData,2025-03-28,498,2988,4482
#Tech,2025-03-18,402,7236,2814
#MachineLearning,2025-03-09,295,2065,2950
#Analytics,2025-03-18,255,1530,1530
#100DaysOfCode,2025-03-06,414,2484,1656
#Coding,2025-03-03,248,4712,1984
#BigData,2025-03-09,232,2320,464
#BigData,2025-01-01,252,4788,1260
#MachineLearning,2025-03-25,294,5292,882
#BigData,2025-02-24,379,5685,1516
#Analytics,2025-02-26,348,5916,3132
#DeepLearning,2025-02-20,157,1727,1099
#DeepLearning,2025-03-17,462,2310,3696
#100DaysOfCode,2025-01-16,400,7200,1200
#BigData,2025-02-09,308,2156,616
#Tech,2025-01-12,172,1720,344
#100DaysOfCode,2025-03-21,392,6272,2352
#Python,2025-04-01,331,3972,993
#MachineLearning,2025-01-25,189,945,378
#DataScience,2025-02-20,222,3552,2220
#Python,2025-02-18,177,1239,708
#MachineLearning,2025-03-24,261,2610,1305
#Coding,2025-01-13,213,2343,1278
#Tech,2025-01-07,477,9063,3339
#Tech,2025-01-20,177,1062,1062
#Tech,2025-02-14,481,5772,3848
#BigData,2025-01-04,331,5296,1324
#MachineLearning,2025-01-30,60,600,300
#MachineLearning,2025-02-02,259,3885,1295
#AI,2025-02-07,160,2240,800
#100DaysOfCode,2025-02-25,190,2850,760
#AI,2025-01-20,151,1359,1057
#DataScience,2025-01-28,366,4392,2928
#100DaysOfCode,2025-01-22,309,1854,2781
#Coding,2025-03-20,168,2352,1344
#Analytics,2025-03-09,165,2970,1485
#Coding,2025-02-01,444,7104,888
#100DaysOfCode,2025-03-05,355,4260,2840
#AI,2025-01-11,188,3008,376
#100DaysOfCode,2025-01-06,113,1356,452
#DataScience,2025-01-10,129,1806,645
#Analytics,2025-03-17,238,3570,1190
#BigData,2025-01-07,110,770,1100
#MachineLearning,2025-02-06,236,4248,708
#Tech,2025-02-19,463,5093,2778
#Tech,2025-03-28,456,3648,1824
#Analytics,2025-01-31,105,1050,1050
#Coding,2025-02-07,206,2884,1442
#Python,2025-03-02,213,2130,639
#Coding,2025-01-25,135,2295,270
#BigData,2025-02-24,149,745,1490
#Coding,2025-03-09,402,2814,3618
#DataScience,2025-03-17,332,2324,1328
#Analytics,2025-03-13,165,1815,330
#BigData,2025-02-28,67,871,670
#BigData,2025-03-17,210,2730,630
#DataScience,2025-03-13,430,2150,1720
#AI,2025-01-06,246,4920,492
#DeepLearning,2025-01-08,499,4491,998
#AI,2025-01-11,315,3465,1890
#Tech,2025-01-18,298,4172,1192
#Tech,2025-01-25,122,2440,1098
#100DaysOfCode,2025-01-11,403,4836,2418
#100DaysOfCode,2025-01-07,96,1536,672
#Coding,2025-03-30,386,6176,2702
#AI,2025-01-05,171,2052,1197
#AI,2025-01-30,349,6282,2443
#DataScience,2025-03-19,68,1156,612
#Python,2025-02-13,224,2016,448
#Python,2025-01-24,132,1716,660
#BigData,2025-01-24,405,6075,4050
#100DaysOfCode,2025-02-07,317,2219,1268
#Python,2025-03-02,418,6270,4180
#AI,2025-03-02,53,1060,106
#Python,2025-01-23,239,1912,478
#Python,2025-01-02,304,3040,912
#Tech,2025-01-25,279,3906,2790
#Python,2025-01-09,100,1900,500
#AI,2025-03-23,359,1795,2154
#DataScience,2025-02-18,356,3204,2136
#DeepLearning,2025-02-12,193,3474,1158
#Analytics,2025-03-30,332,3652,996
#100DaysOfCode,2025-03-19,102,1938,1020
#AI,2025-03-29,341,3069,2728
#DeepLearning,2025-01-11,223,2453,1784
#Analytics,2025-01-28,75,1350,150
#AI,2025-03-23,239,3107,1195
#AI,2025-03-29,144,1296,1440
#100DaysOfCode,2025-03-26,494,6422,3458
#BigData,2025-01-13,257,5140,2056
#Coding,2025-03-17,62,992,558
#AI,2025-02-03,216,3456,1296
#MachineLearning,2025-02-09,147,2205,1176
#BigData,2025-03-29,82,902,246
#DataScience,2025-02-05,482,2892,3374
#DeepLearning,2025-03-29,52,988,364
#MachineLearning,2025-01-18,188,2068,564
#100DaysOfCode,2025-02-13,450,7200,2250
#100DaysOfCode,2025-03-18,224,4256,448
#MachineLearning,2025-02-09,88,704,704
#Coding,2025-01-12,158,1738,790
#Analytics,2025-02-11,271,2710,813
#BigData,2025-03-16,413,7434,826
#Analytics,2025-02-11,330,4620,1320
#Tech,2025-01-24,253,4807,759
#Python,2025-03-02,401,2406,1604
#Tech,2025-01-14,232,2784,464
#100DaysOfCode,2025-03-02,475,7125,2850
#DeepLearning,2025-02-26,149,1192,745
#DeepLearning,2025-01-06,134,1474,670
#Coding,2025-02-08,217,2387,651
#MachineLearning,2025-02-26,415,4980,1660
#Analytics,2025-02-19,318,1590,2226
#MachineLearning,2025-03-17,359,5744,3590
#MachineLearning,2025-03-12,168,3360,672
#Python,2025-03-23,231,3003,1386
#100DaysOfCode,2025-02-27,399,6384,3192
#DataScience,2025-02-18,325,1625,975
#DeepLearning,2025-03-19,110,2200,330
#Python,2025-03-02,479,6706,2395
#100DaysOfCode,2025-01-29,398,2388,2786
#AI,2025-02-27,97,873,388
#MachineLearning,2025-01-16,179,2506,1432
#BigData,2025-03-11,265,3445,1060
